url,label
http://secure-login-paypal.com/login,1
https://secure-login-paypal.com/login?session_id=72085254&ref=security,1
http://secure-login-paypal.com/signin,1
https://secure-login-paypal.com/signin?session_id=72085254&ref=security,1
http://secure-login-paypal.com/verify,1
https://secure-login-paypal.com/verify?session_id=72085254&ref=security,1
http://secure-login-paypal.com/account/security,1
https://secure-login-paypal.com/account/security?session_id=72085254&ref=security,1
http://secure-login-paypal.com/secure/auth,1
https://secure-login-paypal.com/secure/auth?session_id=72085254&ref=security,1
http://secure-login-paypal.com/billing-update,1
https://secure-login-paypal.com/billing-update?session_id=72085254&ref=security,1
http://verify-appleid-support.com/login,1
https://verify-appleid-support.com/login?session_id=84665442&ref=security,1
http://verify-appleid-support.com/signin,1
https://verify-appleid-support.com/signin?session_id=84665442&ref=security,1
http://verify-appleid-support.com/verify,1
https://verify-appleid-support.com/verify?session_id=84665442&ref=security,1
http://verify-appleid-support.com/account/security,1
https://verify-appleid-support.com/account/security?session_id=84665442&ref=security,1
http://verify-appleid-support.com/secure/auth,1
https://verify-appleid-support.com/secure/auth?session_id=84665442&ref=security,1
http://verify-appleid-support.com/billing-update,1
https://verify-appleid-support.com/billing-update?session_id=84665442&ref=security,1
http://chase-banking-alert.net/login,1
https://chase-banking-alert.net/login?session_id=94274981&ref=security,1
http://chase-banking-alert.net/signin,1
https://chase-banking-alert.net/signin?session_id=94274981&ref=security,1
http://chase-banking-alert.net/verify,1
https://chase-banking-alert.net/verify?session_id=94274981&ref=security,1
http://chase-banking-alert.net/account/security,1
https://chase-banking-alert.net/account/security?session_id=94274981&ref=security,1
http://chase-banking-alert.net/secure/auth,1
https://chase-banking-alert.net/secure/auth?session_id=94274981&ref=security,1
http://chase-banking-alert.net/billing-update,1
https://chase-banking-alert.net/billing-update?session_id=94274981&ref=security,1
http://net-banking-login-auth.com/login,1
https://net-banking-login-auth.com/login?session_id=63948770&ref=security,1
http://net-banking-login-auth.com/signin,1
https://net-banking-login-auth.com/signin?session_id=63948770&ref=security,1
http://net-banking-login-auth.com/verify,1
https://net-banking-login-auth.com/verify?session_id=63948770&ref=security,1
http://net-banking-login-auth.com/account/security,1
https://net-banking-login-auth.com/account/security?session_id=63948770&ref=security,1
http://net-banking-login-auth.com/secure/auth,1
https://net-banking-login-auth.com/secure/auth?session_id=63948770&ref=security,1
http://net-banking-login-auth.com/billing-update,1
https://net-banking-login-auth.com/billing-update?session_id=63948770&ref=security,1
http://netflix-verify-account.info/login,1
https://netflix-verify-account.info/login?session_id=93385029&ref=security,1
http://netflix-verify-account.info/signin,1
https://netflix-verify-account.info/signin?session_id=93385029&ref=security,1
http://netflix-verify-account.info/verify,1
https://netflix-verify-account.info/verify?session_id=93385029&ref=security,1
http://netflix-verify-account.info/account/security,1
https://netflix-verify-account.info/account/security?session_id=93385029&ref=security,1
http://netflix-verify-account.info/secure/auth,1
https://netflix-verify-account.info/secure/auth?session_id=93385029&ref=security,1
http://netflix-verify-account.info/billing-update,1
https://netflix-verify-account.info/billing-update?session_id=93385029&ref=security,1
http://amazon-ref-signin.com/login,1
https://amazon-ref-signin.com/login?session_id=67003865&ref=security,1
http://amazon-ref-signin.com/signin,1
https://amazon-ref-signin.com/signin?session_id=67003865&ref=security,1
http://amazon-ref-signin.com/verify,1
https://amazon-ref-signin.com/verify?session_id=67003865&ref=security,1
http://amazon-ref-signin.com/account/security,1
https://amazon-ref-signin.com/account/security?session_id=67003865&ref=security,1
http://amazon-ref-signin.com/secure/auth,1
https://amazon-ref-signin.com/secure/auth?session_id=67003865&ref=security,1
http://amazon-ref-signin.com/billing-update,1
https://amazon-ref-signin.com/billing-update?session_id=67003865&ref=security,1
http://update-facebook-security.org/login,1
https://update-facebook-security.org/login?session_id=40070132&ref=security,1
http://update-facebook-security.org/signin,1
https://update-facebook-security.org/signin?session_id=40070132&ref=security,1
http://update-facebook-security.org/verify,1
https://update-facebook-security.org/verify?session_id=40070132&ref=security,1
http://update-facebook-security.org/account/security,1
https://update-facebook-security.org/account/security?session_id=40070132&ref=security,1
http://update-facebook-security.org/secure/auth,1
https://update-facebook-security.org/secure/auth?session_id=40070132&ref=security,1
http://update-facebook-security.org/billing-update,1
https://update-facebook-security.org/billing-update?session_id=40070132&ref=security,1
http://google-security-update-notice.com/login,1
https://google-security-update-notice.com/login?session_id=20289901&ref=security,1
http://google-security-update-notice.com/signin,1
https://google-security-update-notice.com/signin?session_id=20289901&ref=security,1
http://google-security-update-notice.com/verify,1
https://google-security-update-notice.com/verify?session_id=20289901&ref=security,1
http://google-security-update-notice.com/account/security,1
https://google-security-update-notice.com/account/security?session_id=20289901&ref=security,1
http://google-security-update-notice.com/secure/auth,1
https://google-security-update-notice.com/secure/auth?session_id=20289901&ref=security,1
http://google-security-update-notice.com/billing-update,1
https://google-security-update-notice.com/billing-update?session_id=20289901&ref=security,1
http://wellsfargo-access-login.com/login,1
https://wellsfargo-access-login.com/login?session_id=58450540&ref=security,1
http://wellsfargo-access-login.com/signin,1
https://wellsfargo-access-login.com/signin?session_id=58450540&ref=security,1
http://wellsfargo-access-login.com/verify,1
https://wellsfargo-access-login.com/verify?session_id=58450540&ref=security,1
http://wellsfargo-access-login.com/account/security,1
https://wellsfargo-access-login.com/account/security?session_id=58450540&ref=security,1
http://wellsfargo-access-login.com/secure/auth,1
https://wellsfargo-access-login.com/secure/auth?session_id=58450540&ref=security,1
http://wellsfargo-access-login.com/billing-update,1
https://wellsfargo-access-login.com/billing-update?session_id=58450540&ref=security,1
http://microsoft-password-reset-help.com/login,1
https://microsoft-password-reset-help.com/login?session_id=18958911&ref=security,1
http://microsoft-password-reset-help.com/signin,1
https://microsoft-password-reset-help.com/signin?session_id=18958911&ref=security,1
http://microsoft-password-reset-help.com/verify,1
https://microsoft-password-reset-help.com/verify?session_id=18958911&ref=security,1
http://microsoft-password-reset-help.com/account/security,1
https://microsoft-password-reset-help.com/account/security?session_id=18958911&ref=security,1
http://microsoft-password-reset-help.com/secure/auth,1
https://microsoft-password-reset-help.com/secure/auth?session_id=18958911&ref=security,1
http://microsoft-password-reset-help.com/billing-update,1
https://microsoft-password-reset-help.com/billing-update?session_id=18958911&ref=security,1
http://steam-community-rewards.xyz/login,1
https://steam-community-rewards.xyz/login?session_id=62130582&ref=security,1
http://steam-community-rewards.xyz/signin,1
https://steam-community-rewards.xyz/signin?session_id=62130582&ref=security,1
http://steam-community-rewards.xyz/verify,1
https://steam-community-rewards.xyz/verify?session_id=62130582&ref=security,1
http://steam-community-rewards.xyz/account/security,1
https://steam-community-rewards.xyz/account/security?session_id=62130582&ref=security,1
http://steam-community-rewards.xyz/secure/auth,1
https://steam-community-rewards.xyz/secure/auth?session_id=62130582&ref=security,1
http://steam-community-rewards.xyz/billing-update,1
https://steam-community-rewards.xyz/billing-update?session_id=62130582&ref=security,1
http://instagram-verify-badge-free.com/login,1
https://instagram-verify-badge-free.com/login?session_id=66488998&ref=security,1
http://instagram-verify-badge-free.com/signin,1
https://instagram-verify-badge-free.com/signin?session_id=66488998&ref=security,1
http://instagram-verify-badge-free.com/verify,1
https://instagram-verify-badge-free.com/verify?session_id=66488998&ref=security,1
http://instagram-verify-badge-free.com/account/security,1
https://instagram-verify-badge-free.com/account/security?session_id=66488998&ref=security,1
http://instagram-verify-badge-free.com/secure/auth,1
https://instagram-verify-badge-free.com/secure/auth?session_id=66488998&ref=security,1
http://instagram-verify-badge-free.com/billing-update,1
https://instagram-verify-badge-free.com/billing-update?session_id=66488998&ref=security,1
http://binance-withdrawal-auth.net/login,1
https://binance-withdrawal-auth.net/login?session_id=41207550&ref=security,1
http://binance-withdrawal-auth.net/signin,1
https://binance-withdrawal-auth.net/signin?session_id=41207550&ref=security,1
http://binance-withdrawal-auth.net/verify,1
https://binance-withdrawal-auth.net/verify?session_id=41207550&ref=security,1
http://binance-withdrawal-auth.net/account/security,1
https://binance-withdrawal-auth.net/account/security?session_id=41207550&ref=security,1
http://binance-withdrawal-auth.net/secure/auth,1
https://binance-withdrawal-auth.net/secure/auth?session_id=41207550&ref=security,1
http://binance-withdrawal-auth.net/billing-update,1
https://binance-withdrawal-auth.net/billing-update?session_id=41207550&ref=security,1
http://metamask-restore-wallet.xyz/login,1
https://metamask-restore-wallet.xyz/login?session_id=84496387&ref=security,1
http://metamask-restore-wallet.xyz/signin,1
https://metamask-restore-wallet.xyz/signin?session_id=84496387&ref=security,1
http://metamask-restore-wallet.xyz/verify,1
https://metamask-restore-wallet.xyz/verify?session_id=84496387&ref=security,1
http://metamask-restore-wallet.xyz/account/security,1
https://metamask-restore-wallet.xyz/account/security?session_id=84496387&ref=security,1
http://metamask-restore-wallet.xyz/secure/auth,1
https://metamask-restore-wallet.xyz/secure/auth?session_id=84496387&ref=security,1
http://metamask-restore-wallet.xyz/billing-update,1
https://metamask-restore-wallet.xyz/billing-update?session_id=84496387&ref=security,1
http://irs-tax-refund-portal.gov-claims.net/login,1
https://irs-tax-refund-portal.gov-claims.net/login?session_id=27347076&ref=security,1
http://irs-tax-refund-portal.gov-claims.net/signin,1
https://irs-tax-refund-portal.gov-claims.net/signin?session_id=27347076&ref=security,1
http://irs-tax-refund-portal.gov-claims.net/verify,1
https://irs-tax-refund-portal.gov-claims.net/verify?session_id=27347076&ref=security,1
http://irs-tax-refund-portal.gov-claims.net/account/security,1
https://irs-tax-refund-portal.gov-claims.net/account/security?session_id=27347076&ref=security,1
http://irs-tax-refund-portal.gov-claims.net/secure/auth,1
https://irs-tax-refund-portal.gov-claims.net/secure/auth?session_id=27347076&ref=security,1
http://irs-tax-refund-portal.gov-claims.net/billing-update,1
https://irs-tax-refund-portal.gov-claims.net/billing-update?session_id=27347076&ref=security,1
http://dhl-package-tracking-hold.info/login,1
https://dhl-package-tracking-hold.info/login?session_id=33273206&ref=security,1
http://dhl-package-tracking-hold.info/signin,1
https://dhl-package-tracking-hold.info/signin?session_id=33273206&ref=security,1
http://dhl-package-tracking-hold.info/verify,1
https://dhl-package-tracking-hold.info/verify?session_id=33273206&ref=security,1
http://dhl-package-tracking-hold.info/account/security,1
https://dhl-package-tracking-hold.info/account/security?session_id=33273206&ref=security,1
http://dhl-package-tracking-hold.info/secure/auth,1
https://dhl-package-tracking-hold.info/secure/auth?session_id=33273206&ref=security,1
http://dhl-package-tracking-hold.info/billing-update,1
https://dhl-package-tracking-hold.info/billing-update?session_id=33273206&ref=security,1
http://fedex-delivery-redirection.com/login,1
https://fedex-delivery-redirection.com/login?session_id=47835524&ref=security,1
http://fedex-delivery-redirection.com/signin,1
https://fedex-delivery-redirection.com/signin?session_id=47835524&ref=security,1
http://fedex-delivery-redirection.com/verify,1
https://fedex-delivery-redirection.com/verify?session_id=47835524&ref=security,1
http://fedex-delivery-redirection.com/account/security,1
https://fedex-delivery-redirection.com/account/security?session_id=47835524&ref=security,1
http://fedex-delivery-redirection.com/secure/auth,1
https://fedex-delivery-redirection.com/secure/auth?session_id=47835524&ref=security,1
http://fedex-delivery-redirection.com/billing-update,1
https://fedex-delivery-redirection.com/billing-update?session_id=47835524&ref=security,1
http://usps-address-update-fees.net/login,1
https://usps-address-update-fees.net/login?session_id=39216279&ref=security,1
http://usps-address-update-fees.net/signin,1
https://usps-address-update-fees.net/signin?session_id=39216279&ref=security,1
http://usps-address-update-fees.net/verify,1
https://usps-address-update-fees.net/verify?session_id=39216279&ref=security,1
http://usps-address-update-fees.net/account/security,1
https://usps-address-update-fees.net/account/security?session_id=39216279&ref=security,1
http://usps-address-update-fees.net/secure/auth,1
https://usps-address-update-fees.net/secure/auth?session_id=39216279&ref=security,1
http://usps-address-update-fees.net/billing-update,1
https://usps-address-update-fees.net/billing-update?session_id=39216279&ref=security,1
http://free-giftcard-giveaway.xyz/login,1
https://free-giftcard-giveaway.xyz/login?session_id=46578868&ref=security,1
http://free-giftcard-giveaway.xyz/signin,1
https://free-giftcard-giveaway.xyz/signin?session_id=46578868&ref=security,1
http://free-giftcard-giveaway.xyz/verify,1
https://free-giftcard-giveaway.xyz/verify?session_id=46578868&ref=security,1
http://free-giftcard-giveaway.xyz/account/security,1
https://free-giftcard-giveaway.xyz/account/security?session_id=46578868&ref=security,1
http://free-giftcard-giveaway.xyz/secure/auth,1
https://free-giftcard-giveaway.xyz/secure/auth?session_id=46578868&ref=security,1
http://free-giftcard-giveaway.xyz/billing-update,1
https://free-giftcard-giveaway.xyz/billing-update?session_id=46578868&ref=security,1
http://win-iphone15-now.xyz/login,1
https://win-iphone15-now.xyz/login?session_id=16494704&ref=security,1
http://win-iphone15-now.xyz/signin,1
https://win-iphone15-now.xyz/signin?session_id=16494704&ref=security,1
http://win-iphone15-now.xyz/verify,1
https://win-iphone15-now.xyz/verify?session_id=16494704&ref=security,1
http://win-iphone15-now.xyz/account/security,1
https://win-iphone15-now.xyz/account/security?session_id=16494704&ref=security,1
http://win-iphone15-now.xyz/secure/auth,1
https://win-iphone15-now.xyz/secure/auth?session_id=16494704&ref=security,1
http://win-iphone15-now.xyz/billing-update,1
https://win-iphone15-now.xyz/billing-update?session_id=16494704&ref=security,1
http://covid19-relief-funds.net/login,1
https://covid19-relief-funds.net/login?session_id=65041651&ref=security,1
http://covid19-relief-funds.net/signin,1
https://covid19-relief-funds.net/signin?session_id=65041651&ref=security,1
http://covid19-relief-funds.net/verify,1
https://covid19-relief-funds.net/verify?session_id=65041651&ref=security,1
http://covid19-relief-funds.net/account/security,1
https://covid19-relief-funds.net/account/security?session_id=65041651&ref=security,1
http://covid19-relief-funds.net/secure/auth,1
https://covid19-relief-funds.net/secure/auth?session_id=65041651&ref=security,1
http://covid19-relief-funds.net/billing-update,1
https://covid19-relief-funds.net/billing-update?session_id=65041651&ref=security,1
http://bankofamerica-card-security.info/login,1
https://bankofamerica-card-security.info/login?session_id=19058626&ref=security,1
http://bankofamerica-card-security.info/signin,1
https://bankofamerica-card-security.info/signin?session_id=19058626&ref=security,1
http://bankofamerica-card-security.info/verify,1
https://bankofamerica-card-security.info/verify?session_id=19058626&ref=security,1
http://bankofamerica-card-security.info/account/security,1
https://bankofamerica-card-security.info/account/security?session_id=19058626&ref=security,1
http://bankofamerica-card-security.info/secure/auth,1
https://bankofamerica-card-security.info/secure/auth?session_id=19058626&ref=security,1
http://bankofamerica-card-security.info/billing-update,1
https://bankofamerica-card-security.info/billing-update?session_id=19058626&ref=security,1
http://coinbase-login-verify.xyz/login,1
https://coinbase-login-verify.xyz/login?session_id=70788673&ref=security,1
http://coinbase-login-verify.xyz/signin,1
https://coinbase-login-verify.xyz/signin?session_id=70788673&ref=security,1
http://coinbase-login-verify.xyz/verify,1
https://coinbase-login-verify.xyz/verify?session_id=70788673&ref=security,1
http://coinbase-login-verify.xyz/account/security,1
https://coinbase-login-verify.xyz/account/security?session_id=70788673&ref=security,1
http://coinbase-login-verify.xyz/secure/auth,1
https://coinbase-login-verify.xyz/secure/auth?session_id=70788673&ref=security,1
http://coinbase-login-verify.xyz/billing-update,1
https://coinbase-login-verify.xyz/billing-update?session_id=70788673&ref=security,1
http://dropbox-shared-file-download.net/login,1
https://dropbox-shared-file-download.net/login?session_id=88589529&ref=security,1
http://dropbox-shared-file-download.net/signin,1
https://dropbox-shared-file-download.net/signin?session_id=88589529&ref=security,1
http://dropbox-shared-file-download.net/verify,1
https://dropbox-shared-file-download.net/verify?session_id=88589529&ref=security,1
http://dropbox-shared-file-download.net/account/security,1
https://dropbox-shared-file-download.net/account/security?session_id=88589529&ref=security,1
http://dropbox-shared-file-download.net/secure/auth,1
https://dropbox-shared-file-download.net/secure/auth?session_id=88589529&ref=security,1
http://dropbox-shared-file-download.net/billing-update,1
https://dropbox-shared-file-download.net/billing-update?session_id=88589529&ref=security,1
http://adobe-pdf-viewer-online.info/login,1
https://adobe-pdf-viewer-online.info/login?session_id=61326015&ref=security,1
http://adobe-pdf-viewer-online.info/signin,1
https://adobe-pdf-viewer-online.info/signin?session_id=61326015&ref=security,1
http://adobe-pdf-viewer-online.info/verify,1
https://adobe-pdf-viewer-online.info/verify?session_id=61326015&ref=security,1
http://adobe-pdf-viewer-online.info/account/security,1
https://adobe-pdf-viewer-online.info/account/security?session_id=61326015&ref=security,1
http://adobe-pdf-viewer-online.info/secure/auth,1
https://adobe-pdf-viewer-online.info/secure/auth?session_id=61326015&ref=security,1
http://adobe-pdf-viewer-online.info/billing-update,1
https://adobe-pdf-viewer-online.info/billing-update?session_id=61326015&ref=security,1
http://openai-gpt5-beta-access.xyz/login,1
https://openai-gpt5-beta-access.xyz/login?session_id=47736850&ref=security,1
http://openai-gpt5-beta-access.xyz/signin,1
https://openai-gpt5-beta-access.xyz/signin?session_id=47736850&ref=security,1
http://openai-gpt5-beta-access.xyz/verify,1
https://openai-gpt5-beta-access.xyz/verify?session_id=47736850&ref=security,1
http://openai-gpt5-beta-access.xyz/account/security,1
https://openai-gpt5-beta-access.xyz/account/security?session_id=47736850&ref=security,1
http://openai-gpt5-beta-access.xyz/secure/auth,1
https://openai-gpt5-beta-access.xyz/secure/auth?session_id=47736850&ref=security,1
http://openai-gpt5-beta-access.xyz/billing-update,1
https://openai-gpt5-beta-access.xyz/billing-update?session_id=47736850&ref=security,1
http://zoom-meeting-record-download.net/login,1
https://zoom-meeting-record-download.net/login?session_id=99947698&ref=security,1
http://zoom-meeting-record-download.net/signin,1
https://zoom-meeting-record-download.net/signin?session_id=99947698&ref=security,1
http://zoom-meeting-record-download.net/verify,1
https://zoom-meeting-record-download.net/verify?session_id=99947698&ref=security,1
http://zoom-meeting-record-download.net/account/security,1
https://zoom-meeting-record-download.net/account/security?session_id=99947698&ref=security,1
http://zoom-meeting-record-download.net/secure/auth,1
https://zoom-meeting-record-download.net/secure/auth?session_id=99947698&ref=security,1
http://zoom-meeting-record-download.net/billing-update,1
https://zoom-meeting-record-download.net/billing-update?session_id=99947698&ref=security,1
http://slack-workspace-invite-auth.com/login,1
https://slack-workspace-invite-auth.com/login?session_id=66943637&ref=security,1
http://slack-workspace-invite-auth.com/signin,1
https://slack-workspace-invite-auth.com/signin?session_id=66943637&ref=security,1
http://slack-workspace-invite-auth.com/verify,1
https://slack-workspace-invite-auth.com/verify?session_id=66943637&ref=security,1
http://slack-workspace-invite-auth.com/account/security,1
https://slack-workspace-invite-auth.com/account/security?session_id=66943637&ref=security,1
http://slack-workspace-invite-auth.com/secure/auth,1
https://slack-workspace-invite-auth.com/secure/auth?session_id=66943637&ref=security,1
http://slack-workspace-invite-auth.com/billing-update,1
https://slack-workspace-invite-auth.com/billing-update?session_id=66943637&ref=security,1
http://discord-nitro-gift-free.xyz/login,1
https://discord-nitro-gift-free.xyz/login?session_id=43844359&ref=security,1
http://discord-nitro-gift-free.xyz/signin,1
https://discord-nitro-gift-free.xyz/signin?session_id=43844359&ref=security,1
http://discord-nitro-gift-free.xyz/verify,1
https://discord-nitro-gift-free.xyz/verify?session_id=43844359&ref=security,1
http://discord-nitro-gift-free.xyz/account/security,1
https://discord-nitro-gift-free.xyz/account/security?session_id=43844359&ref=security,1
http://discord-nitro-gift-free.xyz/secure/auth,1
https://discord-nitro-gift-free.xyz/secure/auth?session_id=43844359&ref=security,1
http://discord-nitro-gift-free.xyz/billing-update,1
https://discord-nitro-gift-free.xyz/billing-update?session_id=43844359&ref=security,1
http://github-security-alert-verify.com/login,1
https://github-security-alert-verify.com/login?session_id=19396369&ref=security,1
http://github-security-alert-verify.com/signin,1
https://github-security-alert-verify.com/signin?session_id=19396369&ref=security,1
http://github-security-alert-verify.com/verify,1
https://github-security-alert-verify.com/verify?session_id=19396369&ref=security,1
http://github-security-alert-verify.com/account/security,1
https://github-security-alert-verify.com/account/security?session_id=19396369&ref=security,1
http://github-security-alert-verify.com/secure/auth,1
https://github-security-alert-verify.com/secure/auth?session_id=19396369&ref=security,1
http://github-security-alert-verify.com/billing-update,1
https://github-security-alert-verify.com/billing-update?session_id=19396369&ref=security,1
http://kotak-netbanking-verify.xyz/login,1
https://kotak-netbanking-verify.xyz/login?session_id=83828620&ref=security,1
http://kotak-netbanking-verify.xyz/signin,1
https://kotak-netbanking-verify.xyz/signin?session_id=83828620&ref=security,1
http://kotak-netbanking-verify.xyz/verify,1
https://kotak-netbanking-verify.xyz/verify?session_id=83828620&ref=security,1
http://kotak-netbanking-verify.xyz/account/security,1
https://kotak-netbanking-verify.xyz/account/security?session_id=83828620&ref=security,1
http://kotak-netbanking-verify.xyz/secure/auth,1
https://kotak-netbanking-verify.xyz/secure/auth?session_id=83828620&ref=security,1
http://kotak-netbanking-verify.xyz/billing-update,1
https://kotak-netbanking-verify.xyz/billing-update?session_id=83828620&ref=security,1
http://axisbank-kyc-update.online/login,1
https://axisbank-kyc-update.online/login?session_id=57399274&ref=security,1
http://axisbank-kyc-update.online/signin,1
https://axisbank-kyc-update.online/signin?session_id=57399274&ref=security,1
http://axisbank-kyc-update.online/verify,1
https://axisbank-kyc-update.online/verify?session_id=57399274&ref=security,1
http://axisbank-kyc-update.online/account/security,1
https://axisbank-kyc-update.online/account/security?session_id=57399274&ref=security,1
http://axisbank-kyc-update.online/secure/auth,1
https://axisbank-kyc-update.online/secure/auth?session_id=57399274&ref=security,1
http://axisbank-kyc-update.online/billing-update,1
https://axisbank-kyc-update.online/billing-update?session_id=57399274&ref=security,1
http://hdfc-netbanking-verification.info/login,1
https://hdfc-netbanking-verification.info/login?session_id=98208290&ref=security,1
http://hdfc-netbanking-verification.info/signin,1
https://hdfc-netbanking-verification.info/signin?session_id=98208290&ref=security,1
http://hdfc-netbanking-verification.info/verify,1
https://hdfc-netbanking-verification.info/verify?session_id=98208290&ref=security,1
http://hdfc-netbanking-verification.info/account/security,1
https://hdfc-netbanking-verification.info/account/security?session_id=98208290&ref=security,1
http://hdfc-netbanking-verification.info/secure/auth,1
https://hdfc-netbanking-verification.info/secure/auth?session_id=98208290&ref=security,1
http://hdfc-netbanking-verification.info/billing-update,1
https://hdfc-netbanking-verification.info/billing-update?session_id=98208290&ref=security,1
http://paytm-wallet-refund-bonus.net/login,1
https://paytm-wallet-refund-bonus.net/login?session_id=99462644&ref=security,1
http://paytm-wallet-refund-bonus.net/signin,1
https://paytm-wallet-refund-bonus.net/signin?session_id=99462644&ref=security,1
http://paytm-wallet-refund-bonus.net/verify,1
https://paytm-wallet-refund-bonus.net/verify?session_id=99462644&ref=security,1
http://paytm-wallet-refund-bonus.net/account/security,1
https://paytm-wallet-refund-bonus.net/account/security?session_id=99462644&ref=security,1
http://paytm-wallet-refund-bonus.net/secure/auth,1
https://paytm-wallet-refund-bonus.net/secure/auth?session_id=99462644&ref=security,1
http://paytm-wallet-refund-bonus.net/billing-update,1
https://paytm-wallet-refund-bonus.net/billing-update?session_id=99462644&ref=security,1
http://phonepe-scratchcard-win.xyz/login,1
https://phonepe-scratchcard-win.xyz/login?session_id=52145736&ref=security,1
http://phonepe-scratchcard-win.xyz/signin,1
https://phonepe-scratchcard-win.xyz/signin?session_id=52145736&ref=security,1
http://phonepe-scratchcard-win.xyz/verify,1
https://phonepe-scratchcard-win.xyz/verify?session_id=52145736&ref=security,1
http://phonepe-scratchcard-win.xyz/account/security,1
https://phonepe-scratchcard-win.xyz/account/security?session_id=52145736&ref=security,1
http://phonepe-scratchcard-win.xyz/secure/auth,1
https://phonepe-scratchcard-win.xyz/secure/auth?session_id=52145736&ref=security,1
http://phonepe-scratchcard-win.xyz/billing-update,1
https://phonepe-scratchcard-win.xyz/billing-update?session_id=52145736&ref=security,1
http://royalmail-parcel-redeliver.top/login,1
https://royalmail-parcel-redeliver.top/login?session_id=12852823&ref=security,1
http://royalmail-parcel-redeliver.top/signin,1
https://royalmail-parcel-redeliver.top/signin?session_id=12852823&ref=security,1
http://royalmail-parcel-redeliver.top/verify,1
https://royalmail-parcel-redeliver.top/verify?session_id=12852823&ref=security,1
http://royalmail-parcel-redeliver.top/account/security,1
https://royalmail-parcel-redeliver.top/account/security?session_id=12852823&ref=security,1
http://royalmail-parcel-redeliver.top/secure/auth,1
https://royalmail-parcel-redeliver.top/secure/auth?session_id=12852823&ref=security,1
http://royalmail-parcel-redeliver.top/billing-update,1
https://royalmail-parcel-redeliver.top/billing-update?session_id=12852823&ref=security,1
http://fedex-tracking-invoice-hold.site/login,1
https://fedex-tracking-invoice-hold.site/login?session_id=30824654&ref=security,1
http://fedex-tracking-invoice-hold.site/signin,1
https://fedex-tracking-invoice-hold.site/signin?session_id=30824654&ref=security,1
http://fedex-tracking-invoice-hold.site/verify,1
https://fedex-tracking-invoice-hold.site/verify?session_id=30824654&ref=security,1
http://fedex-tracking-invoice-hold.site/account/security,1
https://fedex-tracking-invoice-hold.site/account/security?session_id=30824654&ref=security,1
http://fedex-tracking-invoice-hold.site/secure/auth,1
https://fedex-tracking-invoice-hold.site/secure/auth?session_id=30824654&ref=security,1
http://fedex-tracking-invoice-hold.site/billing-update,1
https://fedex-tracking-invoice-hold.site/billing-update?session_id=30824654&ref=security,1
http://coinbase-wallet-recovery-key.net/login,1
https://coinbase-wallet-recovery-key.net/login?session_id=57340646&ref=security,1
http://coinbase-wallet-recovery-key.net/signin,1
https://coinbase-wallet-recovery-key.net/signin?session_id=57340646&ref=security,1
http://coinbase-wallet-recovery-key.net/verify,1
https://coinbase-wallet-recovery-key.net/verify?session_id=57340646&ref=security,1
http://coinbase-wallet-recovery-key.net/account/security,1
https://coinbase-wallet-recovery-key.net/account/security?session_id=57340646&ref=security,1
http://coinbase-wallet-recovery-key.net/secure/auth,1
https://coinbase-wallet-recovery-key.net/secure/auth?session_id=57340646&ref=security,1
http://coinbase-wallet-recovery-key.net/billing-update,1
https://coinbase-wallet-recovery-key.net/billing-update?session_id=57340646&ref=security,1
http://blockchain-wallet-restore.com/login,1
https://blockchain-wallet-restore.com/login?session_id=13613625&ref=security,1
http://blockchain-wallet-restore.com/signin,1
https://blockchain-wallet-restore.com/signin?session_id=13613625&ref=security,1
http://blockchain-wallet-restore.com/verify,1
https://blockchain-wallet-restore.com/verify?session_id=13613625&ref=security,1
http://blockchain-wallet-restore.com/account/security,1
https://blockchain-wallet-restore.com/account/security?session_id=13613625&ref=security,1
http://blockchain-wallet-restore.com/secure/auth,1
https://blockchain-wallet-restore.com/secure/auth?session_id=13613625&ref=security,1
http://blockchain-wallet-restore.com/billing-update,1
https://blockchain-wallet-restore.com/billing-update?session_id=13613625&ref=security,1
https://www.paypal.com,0
https://paypal.com,0
https://www.paypal.com/,0
https://paypal.com/,0
https://www.paypal.com/about,0
https://paypal.com/about,0
https://www.paypal.com/contact,0
https://paypal.com/contact,0
https://www.paypal.com/help/faq,0
https://paypal.com/help/faq,0
https://www.paypal.com/products/all,0
https://paypal.com/products/all,0
https://www.apple.com,0
https://apple.com,0
https://www.apple.com/,0
https://apple.com/,0
https://www.apple.com/about,0
https://apple.com/about,0
https://www.apple.com/contact,0
https://apple.com/contact,0
https://www.apple.com/help/faq,0
https://apple.com/help/faq,0
https://www.apple.com/products/all,0
https://apple.com/products/all,0
https://www.chase.com,0
https://chase.com,0
https://www.chase.com/,0
https://chase.com/,0
https://www.chase.com/about,0
https://chase.com/about,0
https://www.chase.com/contact,0
https://chase.com/contact,0
https://www.chase.com/help/faq,0
https://chase.com/help/faq,0
https://www.chase.com/products/all,0
https://chase.com/products/all,0
https://www.netflix.com,0
https://netflix.com,0
https://www.netflix.com/,0
https://netflix.com/,0
https://www.netflix.com/about,0
https://netflix.com/about,0
https://www.netflix.com/contact,0
https://netflix.com/contact,0
https://www.netflix.com/help/faq,0
https://netflix.com/help/faq,0
https://www.netflix.com/products/all,0
https://netflix.com/products/all,0
https://www.amazon.com,0
https://amazon.com,0
https://www.amazon.com/,0
https://amazon.com/,0
https://www.amazon.com/about,0
https://amazon.com/about,0
https://www.amazon.com/contact,0
https://amazon.com/contact,0
https://www.amazon.com/help/faq,0
https://amazon.com/help/faq,0
https://www.amazon.com/products/all,0
https://amazon.com/products/all,0
https://www.facebook.com,0
https://facebook.com,0
https://www.facebook.com/,0
https://facebook.com/,0
https://www.facebook.com/about,0
https://facebook.com/about,0
https://www.facebook.com/contact,0
https://facebook.com/contact,0
https://www.facebook.com/help/faq,0
https://facebook.com/help/faq,0
https://www.facebook.com/products/all,0
https://facebook.com/products/all,0
https://www.google.com,0
https://google.com,0
https://www.google.com/,0
https://google.com/,0
https://www.google.com/about,0
https://google.com/about,0
https://www.google.com/contact,0
https://google.com/contact,0
https://www.google.com/help/faq,0
https://google.com/help/faq,0
https://www.google.com/products/all,0
https://google.com/products/all,0
https://www.wellsfargo.com,0
https://wellsfargo.com,0
https://www.wellsfargo.com/,0
https://wellsfargo.com/,0
https://www.wellsfargo.com/about,0
https://wellsfargo.com/about,0
https://www.wellsfargo.com/contact,0
https://wellsfargo.com/contact,0
https://www.wellsfargo.com/help/faq,0
https://wellsfargo.com/help/faq,0
https://www.wellsfargo.com/products/all,0
https://wellsfargo.com/products/all,0
https://www.microsoft.com,0
https://microsoft.com,0
https://www.microsoft.com/,0
https://microsoft.com/,0
https://www.microsoft.com/about,0
https://microsoft.com/about,0
https://www.microsoft.com/contact,0
https://microsoft.com/contact,0
https://www.microsoft.com/help/faq,0
https://microsoft.com/help/faq,0
https://www.microsoft.com/products/all,0
https://microsoft.com/products/all,0
https://www.steampowered.com,0
https://steampowered.com,0
https://www.steampowered.com/,0
https://steampowered.com/,0
https://www.steampowered.com/about,0
https://steampowered.com/about,0
https://www.steampowered.com/contact,0
https://steampowered.com/contact,0
https://www.steampowered.com/help/faq,0
https://steampowered.com/help/faq,0
https://www.steampowered.com/products/all,0
https://steampowered.com/products/all,0
https://www.instagram.com,0
https://instagram.com,0
https://www.instagram.com/,0
https://instagram.com/,0
https://www.instagram.com/about,0
https://instagram.com/about,0
https://www.instagram.com/contact,0
https://instagram.com/contact,0
https://www.instagram.com/help/faq,0
https://instagram.com/help/faq,0
https://www.instagram.com/products/all,0
https://instagram.com/products/all,0
https://www.binance.com,0
https://binance.com,0
https://www.binance.com/,0
https://binance.com/,0
https://www.binance.com/about,0
https://binance.com/about,0
https://www.binance.com/contact,0
https://binance.com/contact,0
https://www.binance.com/help/faq,0
https://binance.com/help/faq,0
https://www.binance.com/products/all,0
https://binance.com/products/all,0
https://www.metamask.io,0
https://metamask.io,0
https://www.metamask.io/,0
https://metamask.io/,0
https://www.metamask.io/about,0
https://metamask.io/about,0
https://www.metamask.io/contact,0
https://metamask.io/contact,0
https://www.metamask.io/help/faq,0
https://metamask.io/help/faq,0
https://www.metamask.io/products/all,0
https://metamask.io/products/all,0
https://www.irs.gov,0
https://irs.gov,0
https://www.irs.gov/,0
https://irs.gov/,0
https://www.irs.gov/about,0
https://irs.gov/about,0
https://www.irs.gov/contact,0
https://irs.gov/contact,0
https://www.irs.gov/help/faq,0
https://irs.gov/help/faq,0
https://www.irs.gov/products/all,0
https://irs.gov/products/all,0
https://www.dhl.com,0
https://dhl.com,0
https://www.dhl.com/,0
https://dhl.com/,0
https://www.dhl.com/about,0
https://dhl.com/about,0
https://www.dhl.com/contact,0
https://dhl.com/contact,0
https://www.dhl.com/help/faq,0
https://dhl.com/help/faq,0
https://www.dhl.com/products/all,0
https://dhl.com/products/all,0
https://www.fedex.com,0
https://fedex.com,0
https://www.fedex.com/,0
https://fedex.com/,0
https://www.fedex.com/about,0
https://fedex.com/about,0
https://www.fedex.com/contact,0
https://fedex.com/contact,0
https://www.fedex.com/help/faq,0
https://fedex.com/help/faq,0
https://www.fedex.com/products/all,0
https://fedex.com/products/all,0
https://www.usps.com,0
https://usps.com,0
https://www.usps.com/,0
https://usps.com/,0
https://www.usps.com/about,0
https://usps.com/about,0
https://www.usps.com/contact,0
https://usps.com/contact,0
https://www.usps.com/help/faq,0
https://usps.com/help/faq,0
https://www.usps.com/products/all,0
https://usps.com/products/all,0
https://www.wikipedia.org,0
https://wikipedia.org,0
https://www.wikipedia.org/,0
https://wikipedia.org/,0
https://www.wikipedia.org/about,0
https://wikipedia.org/about,0
https://www.wikipedia.org/contact,0
https://wikipedia.org/contact,0
https://www.wikipedia.org/help/faq,0
https://wikipedia.org/help/faq,0
https://www.wikipedia.org/products/all,0
https://wikipedia.org/products/all,0
https://www.github.com,0
https://github.com,0
https://www.github.com/,0
https://github.com/,0
https://www.github.com/about,0
https://github.com/about,0
https://www.github.com/contact,0
https://github.com/contact,0
https://www.github.com/help/faq,0
https://github.com/help/faq,0
https://www.github.com/products/all,0
https://github.com/products/all,0
https://www.stackoverflow.com,0
https://stackoverflow.com,0
https://www.stackoverflow.com/,0
https://stackoverflow.com/,0
https://www.stackoverflow.com/about,0
https://stackoverflow.com/about,0
https://www.stackoverflow.com/contact,0
https://stackoverflow.com/contact,0
https://www.stackoverflow.com/help/faq,0
https://stackoverflow.com/help/faq,0
https://www.stackoverflow.com/products/all,0
https://stackoverflow.com/products/all,0
https://www.nytimes.com,0
https://nytimes.com,0
https://www.nytimes.com/,0
https://nytimes.com/,0
https://www.nytimes.com/about,0
https://nytimes.com/about,0
https://www.nytimes.com/contact,0
https://nytimes.com/contact,0
https://www.nytimes.com/help/faq,0
https://nytimes.com/help/faq,0
https://www.nytimes.com/products/all,0
https://nytimes.com/products/all,0
https://www.cnn.com,0
https://cnn.com,0
https://www.cnn.com/,0
https://cnn.com/,0
https://www.cnn.com/about,0
https://cnn.com/about,0
https://www.cnn.com/contact,0
https://cnn.com/contact,0
https://www.cnn.com/help/faq,0
https://cnn.com/help/faq,0
https://www.cnn.com/products/all,0
https://cnn.com/products/all,0
https://www.reddit.com,0
https://reddit.com,0
https://www.reddit.com/,0
https://reddit.com/,0
https://www.reddit.com/about,0
https://reddit.com/about,0
https://www.reddit.com/contact,0
https://reddit.com/contact,0
https://www.reddit.com/help/faq,0
https://reddit.com/help/faq,0
https://www.reddit.com/products/all,0
https://reddit.com/products/all,0
https://www.medium.com,0
https://medium.com,0
https://www.medium.com/,0
https://medium.com/,0
https://www.medium.com/about,0
https://medium.com/about,0
https://www.medium.com/contact,0
https://medium.com/contact,0
https://www.medium.com/help/faq,0
https://medium.com/help/faq,0
https://www.medium.com/products/all,0
https://medium.com/products/all,0
https://www.spotify.com,0
https://spotify.com,0
https://www.spotify.com/,0
https://spotify.com/,0
https://www.spotify.com/about,0
https://spotify.com/about,0
https://www.spotify.com/contact,0
https://spotify.com/contact,0
https://www.spotify.com/help/faq,0
https://spotify.com/help/faq,0
https://www.spotify.com/products/all,0
https://spotify.com/products/all,0
https://www.openai.com,0
https://openai.com,0
https://www.openai.com/,0
https://openai.com/,0
https://www.openai.com/about,0
https://openai.com/about,0
https://www.openai.com/contact,0
https://openai.com/contact,0
https://www.openai.com/help/faq,0
https://openai.com/help/faq,0
https://www.openai.com/products/all,0
https://openai.com/products/all,0
https://www.zoom.us,0
https://zoom.us,0
https://www.zoom.us/,0
https://zoom.us/,0
https://www.zoom.us/about,0
https://zoom.us/about,0
https://www.zoom.us/contact,0
https://zoom.us/contact,0
https://www.zoom.us/help/faq,0
https://zoom.us/help/faq,0
https://www.zoom.us/products/all,0
https://zoom.us/products/all,0
https://www.slack.com,0
https://slack.com,0
https://www.slack.com/,0
https://slack.com/,0
https://www.slack.com/about,0
https://slack.com/about,0
https://www.slack.com/contact,0
https://slack.com/contact,0
https://www.slack.com/help/faq,0
https://slack.com/help/faq,0
https://www.slack.com/products/all,0
https://slack.com/products/all,0
https://www.discord.com,0
https://discord.com,0
https://www.discord.com/,0
https://discord.com/,0
https://www.discord.com/about,0
https://discord.com/about,0
https://www.discord.com/contact,0
https://discord.com/contact,0
https://www.discord.com/help/faq,0
https://discord.com/help/faq,0
https://www.discord.com/products/all,0
https://discord.com/products/all,0
https://www.adobe.com,0
https://adobe.com,0
https://www.adobe.com/,0
https://adobe.com/,0
https://www.adobe.com/about,0
https://adobe.com/about,0
https://www.adobe.com/contact,0
https://adobe.com/contact,0
https://www.adobe.com/help/faq,0
https://adobe.com/help/faq,0
https://www.adobe.com/products/all,0
https://adobe.com/products/all,0
https://www.kotak.com,0
https://kotak.com,0
https://www.kotak.com/,0
https://kotak.com/,0
https://www.kotak.com/about,0
https://kotak.com/about,0
https://www.kotak.com/contact,0
https://kotak.com/contact,0
https://www.kotak.com/help/faq,0
https://kotak.com/help/faq,0
https://www.kotak.com/products/all,0
https://kotak.com/products/all,0
https://www.axisbank.com,0
https://axisbank.com,0
https://www.axisbank.com/,0
https://axisbank.com/,0
https://www.axisbank.com/about,0
https://axisbank.com/about,0
https://www.axisbank.com/contact,0
https://axisbank.com/contact,0
https://www.axisbank.com/help/faq,0
https://axisbank.com/help/faq,0
https://www.axisbank.com/products/all,0
https://axisbank.com/products/all,0
https://www.hdfcbank.com,0
https://hdfcbank.com,0
https://www.hdfcbank.com/,0
https://hdfcbank.com/,0
https://www.hdfcbank.com/about,0
https://hdfcbank.com/about,0
https://www.hdfcbank.com/contact,0
https://hdfcbank.com/contact,0
https://www.hdfcbank.com/help/faq,0
https://hdfcbank.com/help/faq,0
https://www.hdfcbank.com/products/all,0
https://hdfcbank.com/products/all,0
https://www.icicibank.com,0
https://icicibank.com,0
https://www.icicibank.com/,0
https://icicibank.com/,0
https://www.icicibank.com/about,0
https://icicibank.com/about,0
https://www.icicibank.com/contact,0
https://icicibank.com/contact,0
https://www.icicibank.com/help/faq,0
https://icicibank.com/help/faq,0
https://www.icicibank.com/products/all,0
https://icicibank.com/products/all,0
https://www.paytm.com,0
https://paytm.com,0
https://www.paytm.com/,0
https://paytm.com/,0
https://www.paytm.com/about,0
https://paytm.com/about,0
https://www.paytm.com/contact,0
https://paytm.com/contact,0
https://www.paytm.com/help/faq,0
https://paytm.com/help/faq,0
https://www.paytm.com/products/all,0
https://paytm.com/products/all,0
https://www.phonepe.com,0
https://phonepe.com,0
https://www.phonepe.com/,0
https://phonepe.com/,0
https://www.phonepe.com/about,0
https://phonepe.com/about,0
https://www.phonepe.com/contact,0
https://phonepe.com/contact,0
https://www.phonepe.com/help/faq,0
https://phonepe.com/help/faq,0
https://www.phonepe.com/products/all,0
https://phonepe.com/products/all,0
https://www.royalmail.com,0
https://royalmail.com,0
https://www.royalmail.com/,0
https://royalmail.com/,0
https://www.royalmail.com/about,0
https://royalmail.com/about,0
https://www.royalmail.com/contact,0
https://royalmail.com/contact,0
https://www.royalmail.com/help/faq,0
https://royalmail.com/help/faq,0
https://www.royalmail.com/products/all,0
https://royalmail.com/products/all,0
https://www.coinbase.com,0
https://coinbase.com,0
https://www.coinbase.com/,0
https://coinbase.com/,0
https://www.coinbase.com/about,0
https://coinbase.com/about,0
https://www.coinbase.com/contact,0
https://coinbase.com/contact,0
https://www.coinbase.com/help/faq,0
https://coinbase.com/help/faq,0
https://www.coinbase.com/products/all,0
https://coinbase.com/products/all,0
https://www.blockchain.com,0
https://blockchain.com,0
https://www.blockchain.com/,0
https://blockchain.com/,0
https://www.blockchain.com/about,0
https://blockchain.com/about,0
https://www.blockchain.com/contact,0
https://blockchain.com/contact,0
https://www.blockchain.com/help/faq,0
https://blockchain.com/help/faq,0
https://www.blockchain.com/products/all,0
https://blockchain.com/products/all,0
https://www.python.org,0
https://python.org,0
https://www.python.org/,0
https://python.org/,0
https://www.python.org/about,0
https://python.org/about,0
https://www.python.org/contact,0
https://python.org/contact,0
https://www.python.org/help/faq,0
https://python.org/help/faq,0
https://www.python.org/products/all,0
https://python.org/products/all,0
https://www.npmjs.com,0
https://npmjs.com,0
https://www.npmjs.com/,0
https://npmjs.com/,0
https://www.npmjs.com/about,0
https://npmjs.com/about,0
https://www.npmjs.com/contact,0
https://npmjs.com/contact,0
https://www.npmjs.com/help/faq,0
https://npmjs.com/help/faq,0
https://www.npmjs.com/products/all,0
https://npmjs.com/products/all,0
https://ai-danger-kinetic.vercel.app/,0 